chapter,cluster_name,count
Part 10: Majors and Courses,"Academic Standing, Grading & Registration",2
Part 10: Majors and Courses,"Anthropology, Global Health & Course Updates",42
Part 10: Majors and Courses,"Arts, Media & Digital Design",107
Part 10: Majors and Courses,China & Chinese Language/Culture Studies,95
Part 10: Majors and Courses,Degree & Major Requirement Structures,84
Part 10: Majors and Courses,"History, Literature & Global Cultures",133
Part 10: Majors and Courses,"Math, Science & Physical Education Courses",123
Part 10: Majors and Courses,"Public Policy, Politics & Environment",123
Part 10: Majors and Courses,Quantitative Social Science (Econometrics),16
Part 10: Majors and Courses,"Student Life, Research & Signature Work",32
Part 11: DKU Academic Calendar Academic Year 2025-2026,"Academic Standing, Grading & Registration",5
Part 11: DKU Academic Calendar Academic Year 2025-2026,Degree & Major Requirement Structures,1
Part 12: Useful Contacts,"DKU Policies, Credit Transfer & Degree Standards",1
Part 1: General Information,China & Chinese Language/Culture Studies,3
Part 1: General Information,"DKU Policies, Credit Transfer & Degree Standards",15
Part 1: General Information,"Student Life, Research & Signature Work",1
Part 2: A Liberal Arts Education at Duke Kunshan University,"DKU Policies, Credit Transfer & Degree Standards",4
Part 2: A Liberal Arts Education at Duke Kunshan University,"History, Literature & Global Cultures",1
Part 2: A Liberal Arts Education at Duke Kunshan University,"Student Life, Research & Signature Work",6
Part 3: The Curriculum,China & Chinese Language/Culture Studies,1
Part 3: The Curriculum,"DKU Policies, Credit Transfer & Degree Standards",13
Part 3: The Curriculum,Degree & Major Requirement Structures,22
Part 3: The Curriculum,"Math, Science & Physical Education Courses",1
Part 3: The Curriculum,"Public Policy, Politics & Environment",1
Part 3: The Curriculum,"Student Life, Research & Signature Work",11
"Part 4: Admission, Scholarships and Financial Aid","Academic Standing, Grading & Registration",4
"Part 4: Admission, Scholarships and Financial Aid",China & Chinese Language/Culture Studies,4
"Part 4: Admission, Scholarships and Financial Aid","DKU Policies, Credit Transfer & Degree Standards",7
"Part 4: Admission, Scholarships and Financial Aid",Degree & Major Requirement Structures,3
"Part 4: Admission, Scholarships and Financial Aid","Tuition, Financial Aid & Costs",5
Part 5: Financial Information,"Academic Standing, Grading & Registration",6
Part 5: Financial Information,China & Chinese Language/Culture Studies,1
Part 5: Financial Information,"DKU Policies, Credit Transfer & Degree Standards",1
Part 5: Financial Information,"Tuition, Financial Aid & Costs",16
Part 6: Academic Procedures and Information,"Academic Standing, Grading & Registration",103
Part 6: Academic Procedures and Information,China & Chinese Language/Culture Studies,3
Part 6: Academic Procedures and Information,"DKU Policies, Credit Transfer & Degree Standards",45
Part 6: Academic Procedures and Information,Degree & Major Requirement Structures,26
Part 6: Academic Procedures and Information,"Math, Science & Physical Education Courses",1
Part 6: Academic Procedures and Information,"Public Policy, Politics & Environment",1
Part 6: Academic Procedures and Information,"Student Life, Research & Signature Work",6
Part 6: Academic Procedures and Information,"Tuition, Financial Aid & Costs",2
Part 7: Academic Advising and Support,"Student Life, Research & Signature Work",11
"Part 8: Career Services, Research Opportunities, and Study Away","Academic Standing, Grading & Registration",6
"Part 8: Career Services, Research Opportunities, and Study Away","DKU Policies, Credit Transfer & Degree Standards",12
"Part 8: Career Services, Research Opportunities, and Study Away",Degree & Major Requirement Structures,2
"Part 8: Career Services, Research Opportunities, and Study Away","Student Life, Research & Signature Work",9
"Part 8: Career Services, Research Opportunities, and Study Away","Tuition, Financial Aid & Costs",6
Part 9: Student Experience and Campus Life,"Academic Standing, Grading & Registration",2
Part 9: Student Experience and Campus Life,China & Chinese Language/Culture Studies,1
Part 9: Student Experience and Campus Life,"DKU Policies, Credit Transfer & Degree Standards",5
Part 9: Student Experience and Campus Life,Degree & Major Requirement Structures,1
Part 9: Student Experience and Campus Life,"History, Literature & Global Cultures",1
Part 9: Student Experience and Campus Life,"Math, Science & Physical Education Courses",2
Part 9: Student Experience and Campus Life,"Student Life, Research & Signature Work",28
Part 9: Student Experience and Campus Life,"Tuition, Financial Aid & Costs",2
