chapter,section,n_passages,avg_words
Part 10: Majors and Courses,Course Descriptions,593,93.89544688026982
Part 10: Majors and Courses,Majors (listed in alphabetical order),153,50.94117647058823
Part 3: The Curriculum,Degree Requirements,37,81.67567567567568
"Part 8: Career Services, Research Opportunities, and Study Away",Study Away,23,120.47826086956522
Part 6: Academic Procedures and Information,Undergraduate Course Load,18,85.66666666666667
Part 6: Academic Procedures and Information,Entrance Credit and Placement,16,78.3125
Part 5: Financial Information,Estimated Expenses,16,44.0
Part 6: Academic Procedures and Information,Grading and Grade Requirements,16,101.0625
Part 6: Academic Procedures and Information,Changes in Status,15,121.06666666666666
Part 6: Academic Procedures and Information,"Academic Warning, Probation, and Suspension for Students",14,77.92857142857143
Part 6: Academic Procedures and Information,Grade Appeal Procedure,11,66.18181818181819
Part 10: Majors and Courses,Requirements for All Majors,11,36.36363636363637
Part 6: Academic Procedures and Information,Transfer of Work Taken Elsewhere,11,93.36363636363636
Part 6: Academic Procedures and Information,Procedure for Resolution of Students' Academic Concerns,10,68.5
Part 6: Academic Procedures and Information,Registration,10,88.4
Part 3: The Curriculum,Key Components,8,73.625
Part 2: A Liberal Arts Education at Duke Kunshan University,Animating Principles,8,33.0
"Part 8: Career Services, Research Opportunities, and Study Away",Career Services,7,77.85714285714286
"Part 4: Admission, Scholarships and Financial Aid",Application Timelines,7,41.57142857142857
"Part 4: Admission, Scholarships and Financial Aid",Scholarships and Financial Aid,6,49.333333333333336
"Part 4: Admission, Scholarships and Financial Aid",Application Requirements,6,42.5
Part 6: Academic Procedures and Information,Progress toward Degree,6,72.16666666666667
Part 5: Financial Information,Refund,6,60.5
Part 1: General Information,Partners,6,76.5
"Part 8: Career Services, Research Opportunities, and Study Away",Student Research Opportunities,5,65.0
Part 6: Academic Procedures and Information,Course Repeat,5,123.4
Part 9: Student Experience and Campus Life,Athletics & University Sports,5,42.6
Part 6: Academic Procedures and Information,CHSC (Chinese Society and Culture) Courses,5,54.4
Part 6: Academic Procedures and Information,Academic Integrity,5,103.6
Part 1: General Information,Who We Are,5,111.2
Part 7: Academic Advising and Support,Academic Resource Center,5,64.6
Part 7: Academic Advising and Support,Academic Advising,4,104.0
Part 3: The Curriculum,Overview,4,163.25
Part 6: Academic Procedures and Information,Eligibility for Courses,4,105.5
Part 6: Academic Procedures and Information,Incomplete Coursework and Excused Absence from Final Exam,4,129.75
Part 9: Student Experience and Campus Life,Campus Health Clinic,4,44.5
Part 9: Student Experience and Campus Life,Chinese Student Services and Student Mobility,4,65.75
Part 6: Academic Procedures and Information,Class Attendance and Missed Work,4,141.75
Part 6: Academic Procedures and Information,Academic Recognition and Honors,4,90.25
Part 9: Student Experience and Campus Life,Student Experience,3,101.0
Part 6: Academic Procedures and Information,Education Records,3,67.66666666666667
Part 9: Student Experience and Campus Life,Residence Life,3,53.666666666666664
Part 9: Student Experience and Campus Life,Living on Campus - Residence Halls,3,122.66666666666667
Part 6: Academic Procedures and Information,Class Level,3,34.0
Part 9: Student Experience and Campus Life,Student Accessibility Service Office,3,51.333333333333336
Part 9: Student Experience and Campus Life,International Student Services,3,50.333333333333336
"Part 4: Admission, Scholarships and Financial Aid",Principles of Selection,2,65.5
Part 9: Student Experience and Campus Life,Student Care,2,46.5
Part 6: Academic Procedures and Information,Declaration of Major,2,110.5
Part 6: Academic Procedures and Information,Removal of Disruptive Students from a Course,2,61.5
Part 9: Student Experience and Campus Life,Counseling and Wellness Services (CAWS),2,71.5
Part 9: Student Experience and Campus Life,Campus Programs,2,75.5
Part 6: Academic Procedures and Information,Independent Studies,2,116.0
Part 6: Academic Procedures and Information,Final Examinations,2,231.0
Part 6: Academic Procedures and Information,Enrollment and Activity Restrictions Beyond the Eighth Semester,2,79.0
Part 5: Financial Information,Tuition and Fees,2,67.5
Part 6: Academic Procedures and Information,Signature Work and Capstone Courses,2,71.5
Part 2: A Liberal Arts Education at Duke Kunshan University,A 21st Century Curriculum,1,119.0
Part 1: General Information,Statement on Diversity and Inclusion,1,147.0
Part 1: General Information,Duke Kunshan University Community Standard,1,136.0
Part 1: General Information,Mission Statement,1,139.0
"Part 4: Admission, Scholarships and Financial Aid",How to Apply,1,11.0
"Part 4: Admission, Scholarships and Financial Aid",Notification and Responses,1,13.0
Part 2: A Liberal Arts Education at Duke Kunshan University,A Liberal Arts College Experience,1,153.0
Part 2: A Liberal Arts Education at Duke Kunshan University,Dual Degrees,1,92.0
Part 6: Academic Procedures and Information,Common Core Courses,1,210.0
Part 6: Academic Procedures and Information,Class Scheduling,1,48.0
Part 6: Academic Procedures and Information,Course Audit,1,256.0
Part 6: Academic Procedures and Information,Compliance with Academic Regulations,1,115.0
Part 6: Academic Procedures and Information,Religious Holidays,1,132.0
Part 6: Academic Procedures and Information,Notification of Intention to Graduate,1,159.0
Part 6: Academic Procedures and Information,Graduation and Commencement,1,154.0
Part 7: Academic Advising and Support,Seven Principles of Duke Kunshan University Academic Advising,1,162.0
Part 6: Academic Procedures and Information,Time Limit for Completing Undergraduate Degree,1,98.0
Part 6: Academic Procedures and Information,The Provision of Academic Information to Parents and Guardians,1,98.0
Part 6: Academic Procedures and Information,Submission of Term Paper,1,59.0
Part 6: Academic Procedures and Information,Two-Credit Writing Courses,1,120.0
Part 9: Student Experience and Campus Life,Campus Engagement,1,82.0
Part 9: Student Experience and Campus Life,Arts and Culture,1,137.0
Part 9: Student Experience and Campus Life,Diversity & Intercultural Engagement,1,139.0
Part 9: Student Experience and Campus Life,First Year Experience,1,115.0
Part 9: Student Experience and Campus Life,Leadership Programs,1,96.0
Part 9: Student Experience and Campus Life,Student Clubs and Organizations,1,107.0
Part 9: Student Experience and Campus Life,Student Conduct,1,125.0
Part 9: Student Experience and Campus Life,The Community Center,1,63.0
